id,name,location,color,colorurl,size,qty,storeid,productid
0,Soap,boulder,White,https://imgur.com/xvJ98fe.png,S,10,0,0
1,Soap,boulder,White,https://imgur.com/xvJ98fe.png,M,12,0,0
2,Soap,boulder,White,https://imgur.com/xvJ98fe.png,L,14,0,0
3,Soap,boulder,White,https://imgur.com/xvJ98fe.png,XL,12,0,0
4,Soap,boulder,White,https://imgur.com/xvJ98fe.png,XXL,2,0,0
5,Soap,boulder,White,https://imgur.com/xvJ98fe.png,2XL,9,0,0
6,Soap,boulder,Blue,https://imgur.com/zReIoca.png,S,14,0,0
7,Soap,boulder,Blue,https://imgur.com/zReIoca.png,M,10,0,0
8,Soap,boulder,Blue,https://imgur.com/zReIoca.png,L,14,0,0
9,Soap,boulder,Blue,https://imgur.com/zReIoca.png,XL,2,0,0
10,Soap,boulder,Blue,https://imgur.com/zReIoca.png,XXL,4,0,0
11,Soap,boulder,Blue,https://imgur.com/zReIoca.png,2XL,10,0,0
12,Soap,boulder,Green,https://imgur.com/SRGlFjx.png,S,8,0,0
13,Soap,boulder,Green,https://imgur.com/SRGlFjx.png,M,7,0,0
14,Soap,boulder,Green,https://imgur.com/SRGlFjx.png,L,8,0,0
15,Soap,boulder,Green,https://imgur.com/SRGlFjx.png,XL,5,0,0
16,Soap,boulder,Green,https://imgur.com/SRGlFjx.png,XXL,8,0,0
17,Soap,boulder,Green,https://imgur.com/SRGlFjx.png,2XL,10,0,0
18,Soap,boulder,Peach,https://imgur.com/6dpqKHe.png,S,10,0,0
19,Soap,boulder,Peach,https://imgur.com/6dpqKHe.png,M,13,0,0
20,Soap,boulder,Peach,https://imgur.com/6dpqKHe.png,L,14,0,0
21,Soap,boulder,Peach,https://imgur.com/6dpqKHe.png,XL,11,0,0
22,Soap,boulder,Peach,https://imgur.com/6dpqKHe.png,XXL,0,0,0
23,Soap,boulder,Peach,https://imgur.com/6dpqKHe.png,2XL,9,0,0
24,Soap,boulder,Red,https://imgur.com/y81ZoDc.png,S,4,0,0
25,Soap,boulder,Red,https://imgur.com/y81ZoDc.png,M,13,0,0
26,Soap,boulder,Red,https://imgur.com/y81ZoDc.png,L,10,0,0
27,Soap,boulder,Red,https://imgur.com/y81ZoDc.png,XL,1,0,0
28,Soap,boulder,Red,https://imgur.com/y81ZoDc.png,XXL,3,0,0
29,Soap,boulder,Red,https://imgur.com/y81ZoDc.png,2XL,10,0,0
30,Soap,boulder,Gold,https://imgur.com/L7cseNz.png,S,10,0,0
31,Soap,boulder,Gold,https://imgur.com/L7cseNz.png,M,2,0,0
32,Soap,boulder,Gold,https://imgur.com/L7cseNz.png,L,10,0,0
33,Soap,boulder,Gold,https://imgur.com/L7cseNz.png,XL,0,0,0
34,Soap,boulder,Gold,https://imgur.com/L7cseNz.png,XXL,10,0,0
35,Soap,boulder,Gold,https://imgur.com/L7cseNz.png,2XL,7,0,0
36,Soap,longmont,White,https://imgur.com/xvJ98fe.png,S,14,1,0
37,Soap,longmont,White,https://imgur.com/xvJ98fe.png,M,6,1,0
38,Soap,longmont,White,https://imgur.com/xvJ98fe.png,L,2,1,0
39,Soap,longmont,White,https://imgur.com/xvJ98fe.png,XL,9,1,0
40,Soap,longmont,White,https://imgur.com/xvJ98fe.png,XXL,3,1,0
41,Soap,longmont,White,https://imgur.com/xvJ98fe.png,2XL,13,1,0
42,Soap,longmont,Blue,https://imgur.com/zReIoca.png,S,5,1,0
43,Soap,longmont,Blue,https://imgur.com/zReIoca.png,M,0,1,0
44,Soap,longmont,Blue,https://imgur.com/zReIoca.png,L,2,1,0
45,Soap,longmont,Blue,https://imgur.com/zReIoca.png,XL,3,1,0
46,Soap,longmont,Blue,https://imgur.com/zReIoca.png,XXL,1,1,0
47,Soap,longmont,Blue,https://imgur.com/zReIoca.png,2XL,0,1,0
48,Soap,longmont,Green,https://imgur.com/SRGlFjx.png,S,7,1,0
49,Soap,longmont,Green,https://imgur.com/SRGlFjx.png,M,4,1,0
50,Soap,longmont,Green,https://imgur.com/SRGlFjx.png,L,10,1,0
51,Soap,longmont,Green,https://imgur.com/SRGlFjx.png,XL,7,1,0
52,Soap,longmont,Green,https://imgur.com/SRGlFjx.png,XXL,13,1,0
53,Soap,longmont,Green,https://imgur.com/SRGlFjx.png,2XL,13,1,0
54,Soap,longmont,Peach,https://imgur.com/6dpqKHe.png,S,13,1,0
55,Soap,longmont,Peach,https://imgur.com/6dpqKHe.png,M,9,1,0
56,Soap,longmont,Peach,https://imgur.com/6dpqKHe.png,L,8,1,0
57,Soap,longmont,Peach,https://imgur.com/6dpqKHe.png,XL,6,1,0
58,Soap,longmont,Peach,https://imgur.com/6dpqKHe.png,XXL,14,1,0
59,Soap,longmont,Peach,https://imgur.com/6dpqKHe.png,2XL,8,1,0
60,Soap,longmont,Red,https://imgur.com/y81ZoDc.png,S,13,1,0
61,Soap,longmont,Red,https://imgur.com/y81ZoDc.png,M,13,1,0
62,Soap,longmont,Red,https://imgur.com/y81ZoDc.png,L,9,1,0
63,Soap,longmont,Red,https://imgur.com/y81ZoDc.png,XL,1,1,0
64,Soap,longmont,Red,https://imgur.com/y81ZoDc.png,XXL,5,1,0
65,Soap,longmont,Red,https://imgur.com/y81ZoDc.png,2XL,12,1,0
66,Soap,longmont,Gold,https://imgur.com/L7cseNz.png,S,12,1,0
67,Soap,longmont,Gold,https://imgur.com/L7cseNz.png,M,9,1,0
68,Soap,longmont,Gold,https://imgur.com/L7cseNz.png,L,13,1,0
69,Soap,longmont,Gold,https://imgur.com/L7cseNz.png,XL,4,1,0
70,Soap,longmont,Gold,https://imgur.com/L7cseNz.png,XXL,6,1,0
71,Soap,longmont,Gold,https://imgur.com/L7cseNz.png,2XL,5,1,0
72,Soap,superior,White,https://imgur.com/xvJ98fe.png,S,3,2,0
73,Soap,superior,White,https://imgur.com/xvJ98fe.png,M,13,2,0
74,Soap,superior,White,https://imgur.com/xvJ98fe.png,L,11,2,0
75,Soap,superior,White,https://imgur.com/xvJ98fe.png,XL,2,2,0
76,Soap,superior,White,https://imgur.com/xvJ98fe.png,XXL,0,2,0
77,Soap,superior,White,https://imgur.com/xvJ98fe.png,2XL,11,2,0
78,Soap,superior,Blue,https://imgur.com/zReIoca.png,S,13,2,0
79,Soap,superior,Blue,https://imgur.com/zReIoca.png,M,6,2,0
80,Soap,superior,Blue,https://imgur.com/zReIoca.png,L,9,2,0
81,Soap,superior,Blue,https://imgur.com/zReIoca.png,XL,3,2,0
82,Soap,superior,Blue,https://imgur.com/zReIoca.png,XXL,2,2,0
83,Soap,superior,Blue,https://imgur.com/zReIoca.png,2XL,8,2,0
84,Soap,superior,Green,https://imgur.com/SRGlFjx.png,S,4,2,0
85,Soap,superior,Green,https://imgur.com/SRGlFjx.png,M,13,2,0
86,Soap,superior,Green,https://imgur.com/SRGlFjx.png,L,12,2,0
87,Soap,superior,Green,https://imgur.com/SRGlFjx.png,XL,12,2,0
88,Soap,superior,Green,https://imgur.com/SRGlFjx.png,XXL,1,2,0
89,Soap,superior,Green,https://imgur.com/SRGlFjx.png,2XL,12,2,0
90,Soap,superior,Peach,https://imgur.com/6dpqKHe.png,S,2,2,0
91,Soap,superior,Peach,https://imgur.com/6dpqKHe.png,M,11,2,0
92,Soap,superior,Peach,https://imgur.com/6dpqKHe.png,L,1,2,0
93,Soap,superior,Peach,https://imgur.com/6dpqKHe.png,XL,7,2,0
94,Soap,superior,Peach,https://imgur.com/6dpqKHe.png,XXL,5,2,0
95,Soap,superior,Peach,https://imgur.com/6dpqKHe.png,2XL,13,2,0
96,Soap,superior,Red,https://imgur.com/y81ZoDc.png,S,10,2,0
97,Soap,superior,Red,https://imgur.com/y81ZoDc.png,M,13,2,0
98,Soap,superior,Red,https://imgur.com/y81ZoDc.png,L,14,2,0
99,Soap,superior,Red,https://imgur.com/y81ZoDc.png,XL,8,2,0
100,Soap,superior,Red,https://imgur.com/y81ZoDc.png,XXL,0,2,0
101,Soap,superior,Red,https://imgur.com/y81ZoDc.png,2XL,9,2,0
102,Soap,superior,Gold,https://imgur.com/L7cseNz.png,S,14,2,0
103,Soap,superior,Gold,https://imgur.com/L7cseNz.png,M,14,2,0
104,Soap,superior,Gold,https://imgur.com/L7cseNz.png,L,3,2,0
105,Soap,superior,Gold,https://imgur.com/L7cseNz.png,XL,10,2,0
106,Soap,superior,Gold,https://imgur.com/L7cseNz.png,XXL,3,2,0
107,Soap,superior,Gold,https://imgur.com/L7cseNz.png,2XL,0,2,0
108,Soap,westminister,White,https://imgur.com/xvJ98fe.png,S,2,3,0
109,Soap,westminister,White,https://imgur.com/xvJ98fe.png,M,1,3,0
110,Soap,westminister,White,https://imgur.com/xvJ98fe.png,L,9,3,0
111,Soap,westminister,White,https://imgur.com/xvJ98fe.png,XL,14,3,0
112,Soap,westminister,White,https://imgur.com/xvJ98fe.png,XXL,13,3,0
113,Soap,westminister,White,https://imgur.com/xvJ98fe.png,2XL,8,3,0
114,Soap,westminister,Blue,https://imgur.com/zReIoca.png,S,3,3,0
115,Soap,westminister,Blue,https://imgur.com/zReIoca.png,M,4,3,0
116,Soap,westminister,Blue,https://imgur.com/zReIoca.png,L,10,3,0
117,Soap,westminister,Blue,https://imgur.com/zReIoca.png,XL,6,3,0
118,Soap,westminister,Blue,https://imgur.com/zReIoca.png,XXL,12,3,0
119,Soap,westminister,Blue,https://imgur.com/zReIoca.png,2XL,13,3,0
120,Soap,westminister,Green,https://imgur.com/SRGlFjx.png,S,5,3,0
121,Soap,westminister,Green,https://imgur.com/SRGlFjx.png,M,10,3,0
122,Soap,westminister,Green,https://imgur.com/SRGlFjx.png,L,14,3,0
123,Soap,westminister,Green,https://imgur.com/SRGlFjx.png,XL,1,3,0
124,Soap,westminister,Green,https://imgur.com/SRGlFjx.png,XXL,4,3,0
125,Soap,westminister,Green,https://imgur.com/SRGlFjx.png,2XL,6,3,0
126,Soap,westminister,Peach,https://imgur.com/6dpqKHe.png,S,13,3,0
127,Soap,westminister,Peach,https://imgur.com/6dpqKHe.png,M,7,3,0
128,Soap,westminister,Peach,https://imgur.com/6dpqKHe.png,L,7,3,0
129,Soap,westminister,Peach,https://imgur.com/6dpqKHe.png,XL,11,3,0
130,Soap,westminister,Peach,https://imgur.com/6dpqKHe.png,XXL,10,3,0
131,Soap,westminister,Peach,https://imgur.com/6dpqKHe.png,2XL,9,3,0
132,Soap,westminister,Red,https://imgur.com/y81ZoDc.png,S,2,3,0
133,Soap,westminister,Red,https://imgur.com/y81ZoDc.png,M,13,3,0
134,Soap,westminister,Red,https://imgur.com/y81ZoDc.png,L,14,3,0
135,Soap,westminister,Red,https://imgur.com/y81ZoDc.png,XL,5,3,0
136,Soap,westminister,Red,https://imgur.com/y81ZoDc.png,XXL,2,3,0
137,Soap,westminister,Red,https://imgur.com/y81ZoDc.png,2XL,13,3,0
138,Soap,westminister,Gold,https://imgur.com/L7cseNz.png,S,5,3,0
139,Soap,westminister,Gold,https://imgur.com/L7cseNz.png,M,9,3,0
140,Soap,westminister,Gold,https://imgur.com/L7cseNz.png,L,5,3,0
141,Soap,westminister,Gold,https://imgur.com/L7cseNz.png,XL,7,3,0
142,Soap,westminister,Gold,https://imgur.com/L7cseNz.png,XXL,3,3,0
143,Soap,westminister,Gold,https://imgur.com/L7cseNz.png,2XL,13,3,0
144,Soap,aurora,White,https://imgur.com/xvJ98fe.png,S,1,4,0
145,Soap,aurora,White,https://imgur.com/xvJ98fe.png,M,5,4,0
146,Soap,aurora,White,https://imgur.com/xvJ98fe.png,L,5,4,0
147,Soap,aurora,White,https://imgur.com/xvJ98fe.png,XL,9,4,0
148,Soap,aurora,White,https://imgur.com/xvJ98fe.png,XXL,5,4,0
149,Soap,aurora,White,https://imgur.com/xvJ98fe.png,2XL,5,4,0
150,Soap,aurora,Blue,https://imgur.com/zReIoca.png,S,11,4,0
151,Soap,aurora,Blue,https://imgur.com/zReIoca.png,M,3,4,0
152,Soap,aurora,Blue,https://imgur.com/zReIoca.png,L,7,4,0
153,Soap,aurora,Blue,https://imgur.com/zReIoca.png,XL,2,4,0
154,Soap,aurora,Blue,https://imgur.com/zReIoca.png,XXL,0,4,0
155,Soap,aurora,Blue,https://imgur.com/zReIoca.png,2XL,0,4,0
156,Soap,aurora,Green,https://imgur.com/SRGlFjx.png,S,2,4,0
157,Soap,aurora,Green,https://imgur.com/SRGlFjx.png,M,2,4,0
158,Soap,aurora,Green,https://imgur.com/SRGlFjx.png,L,6,4,0
159,Soap,aurora,Green,https://imgur.com/SRGlFjx.png,XL,8,4,0
160,Soap,aurora,Green,https://imgur.com/SRGlFjx.png,XXL,14,4,0
161,Soap,aurora,Green,https://imgur.com/SRGlFjx.png,2XL,1,4,0
162,Soap,aurora,Peach,https://imgur.com/6dpqKHe.png,S,6,4,0
163,Soap,aurora,Peach,https://imgur.com/6dpqKHe.png,M,11,4,0
164,Soap,aurora,Peach,https://imgur.com/6dpqKHe.png,L,0,4,0
165,Soap,aurora,Peach,https://imgur.com/6dpqKHe.png,XL,7,4,0
166,Soap,aurora,Peach,https://imgur.com/6dpqKHe.png,XXL,6,4,0
167,Soap,aurora,Peach,https://imgur.com/6dpqKHe.png,2XL,8,4,0
168,Soap,aurora,Red,https://imgur.com/y81ZoDc.png,S,14,4,0
169,Soap,aurora,Red,https://imgur.com/y81ZoDc.png,M,12,4,0
170,Soap,aurora,Red,https://imgur.com/y81ZoDc.png,L,14,4,0
171,Soap,aurora,Red,https://imgur.com/y81ZoDc.png,XL,9,4,0
172,Soap,aurora,Red,https://imgur.com/y81ZoDc.png,XXL,13,4,0
173,Soap,aurora,Red,https://imgur.com/y81ZoDc.png,2XL,1,4,0
174,Soap,aurora,Gold,https://imgur.com/L7cseNz.png,S,12,4,0
175,Soap,aurora,Gold,https://imgur.com/L7cseNz.png,M,5,4,0
176,Soap,aurora,Gold,https://imgur.com/L7cseNz.png,L,11,4,0
177,Soap,aurora,Gold,https://imgur.com/L7cseNz.png,XL,6,4,0
178,Soap,aurora,Gold,https://imgur.com/L7cseNz.png,XXL,3,4,0
179,Soap,aurora,Gold,https://imgur.com/L7cseNz.png,2XL,6,4,0
180,Soap,nyc,White,https://imgur.com/xvJ98fe.png,S,0,5,0
181,Soap,nyc,White,https://imgur.com/xvJ98fe.png,M,9,5,0
182,Soap,nyc,White,https://imgur.com/xvJ98fe.png,L,14,5,0
183,Soap,nyc,White,https://imgur.com/xvJ98fe.png,XL,8,5,0
184,Soap,nyc,White,https://imgur.com/xvJ98fe.png,XXL,0,5,0
185,Soap,nyc,White,https://imgur.com/xvJ98fe.png,2XL,1,5,0
186,Soap,nyc,Blue,https://imgur.com/zReIoca.png,S,14,5,0
187,Soap,nyc,Blue,https://imgur.com/zReIoca.png,M,8,5,0
188,Soap,nyc,Blue,https://imgur.com/zReIoca.png,L,10,5,0
189,Soap,nyc,Blue,https://imgur.com/zReIoca.png,XL,10,5,0
190,Soap,nyc,Blue,https://imgur.com/zReIoca.png,XXL,2,5,0
191,Soap,nyc,Blue,https://imgur.com/zReIoca.png,2XL,11,5,0
192,Soap,nyc,Green,https://imgur.com/SRGlFjx.png,S,14,5,0
193,Soap,nyc,Green,https://imgur.com/SRGlFjx.png,M,14,5,0
194,Soap,nyc,Green,https://imgur.com/SRGlFjx.png,L,3,5,0
195,Soap,nyc,Green,https://imgur.com/SRGlFjx.png,XL,0,5,0
196,Soap,nyc,Green,https://imgur.com/SRGlFjx.png,XXL,12,5,0
197,Soap,nyc,Green,https://imgur.com/SRGlFjx.png,2XL,7,5,0
198,Soap,nyc,Peach,https://imgur.com/6dpqKHe.png,S,4,5,0
199,Soap,nyc,Peach,https://imgur.com/6dpqKHe.png,M,6,5,0
200,Soap,nyc,Peach,https://imgur.com/6dpqKHe.png,L,3,5,0
201,Soap,nyc,Peach,https://imgur.com/6dpqKHe.png,XL,8,5,0
202,Soap,nyc,Peach,https://imgur.com/6dpqKHe.png,XXL,8,5,0
203,Soap,nyc,Peach,https://imgur.com/6dpqKHe.png,2XL,5,5,0
204,Soap,nyc,Red,https://imgur.com/y81ZoDc.png,S,3,5,0
205,Soap,nyc,Red,https://imgur.com/y81ZoDc.png,M,5,5,0
206,Soap,nyc,Red,https://imgur.com/y81ZoDc.png,L,14,5,0
207,Soap,nyc,Red,https://imgur.com/y81ZoDc.png,XL,3,5,0
208,Soap,nyc,Red,https://imgur.com/y81ZoDc.png,XXL,14,5,0
209,Soap,nyc,Red,https://imgur.com/y81ZoDc.png,2XL,14,5,0
210,Soap,nyc,Gold,https://imgur.com/L7cseNz.png,S,13,5,0
211,Soap,nyc,Gold,https://imgur.com/L7cseNz.png,M,0,5,0
212,Soap,nyc,Gold,https://imgur.com/L7cseNz.png,L,8,5,0
213,Soap,nyc,Gold,https://imgur.com/L7cseNz.png,XL,0,5,0
214,Soap,nyc,Gold,https://imgur.com/L7cseNz.png,XXL,3,5,0
215,Soap,nyc,Gold,https://imgur.com/L7cseNz.png,2XL,0,5,0
216,Shoes,boulder,White,https://imgur.com/xvJ98fe.png,S,11,0,1
217,Shoes,boulder,White,https://imgur.com/xvJ98fe.png,M,14,0,1
218,Shoes,boulder,White,https://imgur.com/xvJ98fe.png,L,0,0,1
219,Shoes,boulder,White,https://imgur.com/xvJ98fe.png,XL,8,0,1
220,Shoes,boulder,White,https://imgur.com/xvJ98fe.png,XXL,4,0,1
221,Shoes,boulder,White,https://imgur.com/xvJ98fe.png,2XL,7,0,1
222,Shoes,boulder,Blue,https://imgur.com/zReIoca.png,S,8,0,1
223,Shoes,boulder,Blue,https://imgur.com/zReIoca.png,M,0,0,1
224,Shoes,boulder,Blue,https://imgur.com/zReIoca.png,L,10,0,1
225,Shoes,boulder,Blue,https://imgur.com/zReIoca.png,XL,3,0,1
226,Shoes,boulder,Blue,https://imgur.com/zReIoca.png,XXL,1,0,1
227,Shoes,boulder,Blue,https://imgur.com/zReIoca.png,2XL,5,0,1
228,Shoes,boulder,Green,https://imgur.com/SRGlFjx.png,S,6,0,1
229,Shoes,boulder,Green,https://imgur.com/SRGlFjx.png,M,14,0,1
230,Shoes,boulder,Green,https://imgur.com/SRGlFjx.png,L,4,0,1
231,Shoes,boulder,Green,https://imgur.com/SRGlFjx.png,XL,3,0,1
232,Shoes,boulder,Green,https://imgur.com/SRGlFjx.png,XXL,4,0,1
233,Shoes,boulder,Green,https://imgur.com/SRGlFjx.png,2XL,13,0,1
234,Shoes,boulder,Peach,https://imgur.com/6dpqKHe.png,S,6,0,1
235,Shoes,boulder,Peach,https://imgur.com/6dpqKHe.png,M,8,0,1
236,Shoes,boulder,Peach,https://imgur.com/6dpqKHe.png,L,14,0,1
237,Shoes,boulder,Peach,https://imgur.com/6dpqKHe.png,XL,2,0,1
238,Shoes,boulder,Peach,https://imgur.com/6dpqKHe.png,XXL,6,0,1
239,Shoes,boulder,Peach,https://imgur.com/6dpqKHe.png,2XL,2,0,1
240,Shoes,boulder,Red,https://imgur.com/y81ZoDc.png,S,4,0,1
241,Shoes,boulder,Red,https://imgur.com/y81ZoDc.png,M,8,0,1
242,Shoes,boulder,Red,https://imgur.com/y81ZoDc.png,L,14,0,1
243,Shoes,boulder,Red,https://imgur.com/y81ZoDc.png,XL,4,0,1
244,Shoes,boulder,Red,https://imgur.com/y81ZoDc.png,XXL,4,0,1
245,Shoes,boulder,Red,https://imgur.com/y81ZoDc.png,2XL,1,0,1
246,Shoes,boulder,Gold,https://imgur.com/L7cseNz.png,S,11,0,1
247,Shoes,boulder,Gold,https://imgur.com/L7cseNz.png,M,2,0,1
248,Shoes,boulder,Gold,https://imgur.com/L7cseNz.png,L,2,0,1
249,Shoes,boulder,Gold,https://imgur.com/L7cseNz.png,XL,11,0,1
250,Shoes,boulder,Gold,https://imgur.com/L7cseNz.png,XXL,3,0,1
251,Shoes,boulder,Gold,https://imgur.com/L7cseNz.png,2XL,7,0,1
252,Shoes,longmont,White,https://imgur.com/xvJ98fe.png,S,10,1,1
253,Shoes,longmont,White,https://imgur.com/xvJ98fe.png,M,4,1,1
254,Shoes,longmont,White,https://imgur.com/xvJ98fe.png,L,10,1,1
255,Shoes,longmont,White,https://imgur.com/xvJ98fe.png,XL,14,1,1
256,Shoes,longmont,White,https://imgur.com/xvJ98fe.png,XXL,2,1,1
257,Shoes,longmont,White,https://imgur.com/xvJ98fe.png,2XL,3,1,1
258,Shoes,longmont,Blue,https://imgur.com/zReIoca.png,S,5,1,1
259,Shoes,longmont,Blue,https://imgur.com/zReIoca.png,M,4,1,1
260,Shoes,longmont,Blue,https://imgur.com/zReIoca.png,L,11,1,1
261,Shoes,longmont,Blue,https://imgur.com/zReIoca.png,XL,11,1,1
262,Shoes,longmont,Blue,https://imgur.com/zReIoca.png,XXL,1,1,1
263,Shoes,longmont,Blue,https://imgur.com/zReIoca.png,2XL,6,1,1
264,Shoes,longmont,Green,https://imgur.com/SRGlFjx.png,S,2,1,1
265,Shoes,longmont,Green,https://imgur.com/SRGlFjx.png,M,7,1,1
266,Shoes,longmont,Green,https://imgur.com/SRGlFjx.png,L,3,1,1
267,Shoes,longmont,Green,https://imgur.com/SRGlFjx.png,XL,9,1,1
268,Shoes,longmont,Green,https://imgur.com/SRGlFjx.png,XXL,2,1,1
269,Shoes,longmont,Green,https://imgur.com/SRGlFjx.png,2XL,12,1,1
270,Shoes,longmont,Peach,https://imgur.com/6dpqKHe.png,S,8,1,1
271,Shoes,longmont,Peach,https://imgur.com/6dpqKHe.png,M,14,1,1
272,Shoes,longmont,Peach,https://imgur.com/6dpqKHe.png,L,8,1,1
273,Shoes,longmont,Peach,https://imgur.com/6dpqKHe.png,XL,3,1,1
274,Shoes,longmont,Peach,https://imgur.com/6dpqKHe.png,XXL,1,1,1
275,Shoes,longmont,Peach,https://imgur.com/6dpqKHe.png,2XL,0,1,1
276,Shoes,longmont,Red,https://imgur.com/y81ZoDc.png,S,2,1,1
277,Shoes,longmont,Red,https://imgur.com/y81ZoDc.png,M,8,1,1
278,Shoes,longmont,Red,https://imgur.com/y81ZoDc.png,L,7,1,1
279,Shoes,longmont,Red,https://imgur.com/y81ZoDc.png,XL,8,1,1
280,Shoes,longmont,Red,https://imgur.com/y81ZoDc.png,XXL,7,1,1
281,Shoes,longmont,Red,https://imgur.com/y81ZoDc.png,2XL,11,1,1
282,Shoes,longmont,Gold,https://imgur.com/L7cseNz.png,S,6,1,1
283,Shoes,longmont,Gold,https://imgur.com/L7cseNz.png,M,11,1,1
284,Shoes,longmont,Gold,https://imgur.com/L7cseNz.png,L,4,1,1
285,Shoes,longmont,Gold,https://imgur.com/L7cseNz.png,XL,0,1,1
286,Shoes,longmont,Gold,https://imgur.com/L7cseNz.png,XXL,14,1,1
287,Shoes,longmont,Gold,https://imgur.com/L7cseNz.png,2XL,2,1,1
288,Shoes,superior,White,https://imgur.com/xvJ98fe.png,S,14,2,1
289,Shoes,superior,White,https://imgur.com/xvJ98fe.png,M,3,2,1
290,Shoes,superior,White,https://imgur.com/xvJ98fe.png,L,14,2,1
291,Shoes,superior,White,https://imgur.com/xvJ98fe.png,XL,14,2,1
292,Shoes,superior,White,https://imgur.com/xvJ98fe.png,XXL,13,2,1
293,Shoes,superior,White,https://imgur.com/xvJ98fe.png,2XL,13,2,1
294,Shoes,superior,Blue,https://imgur.com/zReIoca.png,S,4,2,1
295,Shoes,superior,Blue,https://imgur.com/zReIoca.png,M,5,2,1
296,Shoes,superior,Blue,https://imgur.com/zReIoca.png,L,13,2,1
297,Shoes,superior,Blue,https://imgur.com/zReIoca.png,XL,5,2,1
298,Shoes,superior,Blue,https://imgur.com/zReIoca.png,XXL,3,2,1
299,Shoes,superior,Blue,https://imgur.com/zReIoca.png,2XL,3,2,1
300,Shoes,superior,Green,https://imgur.com/SRGlFjx.png,S,10,2,1
301,Shoes,superior,Green,https://imgur.com/SRGlFjx.png,M,10,2,1
302,Shoes,superior,Green,https://imgur.com/SRGlFjx.png,L,9,2,1
303,Shoes,superior,Green,https://imgur.com/SRGlFjx.png,XL,5,2,1
304,Shoes,superior,Green,https://imgur.com/SRGlFjx.png,XXL,0,2,1
305,Shoes,superior,Green,https://imgur.com/SRGlFjx.png,2XL,8,2,1
306,Shoes,superior,Peach,https://imgur.com/6dpqKHe.png,S,0,2,1
307,Shoes,superior,Peach,https://imgur.com/6dpqKHe.png,M,14,2,1
308,Shoes,superior,Peach,https://imgur.com/6dpqKHe.png,L,8,2,1
309,Shoes,superior,Peach,https://imgur.com/6dpqKHe.png,XL,1,2,1
310,Shoes,superior,Peach,https://imgur.com/6dpqKHe.png,XXL,13,2,1
311,Shoes,superior,Peach,https://imgur.com/6dpqKHe.png,2XL,6,2,1
312,Shoes,superior,Red,https://imgur.com/y81ZoDc.png,S,4,2,1
313,Shoes,superior,Red,https://imgur.com/y81ZoDc.png,M,11,2,1
314,Shoes,superior,Red,https://imgur.com/y81ZoDc.png,L,3,2,1
315,Shoes,superior,Red,https://imgur.com/y81ZoDc.png,XL,4,2,1
316,Shoes,superior,Red,https://imgur.com/y81ZoDc.png,XXL,6,2,1
317,Shoes,superior,Red,https://imgur.com/y81ZoDc.png,2XL,4,2,1
318,Shoes,superior,Gold,https://imgur.com/L7cseNz.png,S,9,2,1
319,Shoes,superior,Gold,https://imgur.com/L7cseNz.png,M,7,2,1
320,Shoes,superior,Gold,https://imgur.com/L7cseNz.png,L,7,2,1
321,Shoes,superior,Gold,https://imgur.com/L7cseNz.png,XL,0,2,1
322,Shoes,superior,Gold,https://imgur.com/L7cseNz.png,XXL,9,2,1
323,Shoes,superior,Gold,https://imgur.com/L7cseNz.png,2XL,14,2,1
324,Shoes,westminister,White,https://imgur.com/xvJ98fe.png,S,12,3,1
325,Shoes,westminister,White,https://imgur.com/xvJ98fe.png,M,4,3,1
326,Shoes,westminister,White,https://imgur.com/xvJ98fe.png,L,8,3,1
327,Shoes,westminister,White,https://imgur.com/xvJ98fe.png,XL,0,3,1
328,Shoes,westminister,White,https://imgur.com/xvJ98fe.png,XXL,0,3,1
329,Shoes,westminister,White,https://imgur.com/xvJ98fe.png,2XL,3,3,1
330,Shoes,westminister,Blue,https://imgur.com/zReIoca.png,S,10,3,1
331,Shoes,westminister,Blue,https://imgur.com/zReIoca.png,M,10,3,1
332,Shoes,westminister,Blue,https://imgur.com/zReIoca.png,L,13,3,1
333,Shoes,westminister,Blue,https://imgur.com/zReIoca.png,XL,5,3,1
334,Shoes,westminister,Blue,https://imgur.com/zReIoca.png,XXL,3,3,1
335,Shoes,westminister,Blue,https://imgur.com/zReIoca.png,2XL,5,3,1
336,Shoes,westminister,Green,https://imgur.com/SRGlFjx.png,S,7,3,1
337,Shoes,westminister,Green,https://imgur.com/SRGlFjx.png,M,0,3,1
338,Shoes,westminister,Green,https://imgur.com/SRGlFjx.png,L,4,3,1
339,Shoes,westminister,Green,https://imgur.com/SRGlFjx.png,XL,10,3,1
340,Shoes,westminister,Green,https://imgur.com/SRGlFjx.png,XXL,12,3,1
341,Shoes,westminister,Green,https://imgur.com/SRGlFjx.png,2XL,8,3,1
342,Shoes,westminister,Peach,https://imgur.com/6dpqKHe.png,S,7,3,1
343,Shoes,westminister,Peach,https://imgur.com/6dpqKHe.png,M,7,3,1
344,Shoes,westminister,Peach,https://imgur.com/6dpqKHe.png,L,3,3,1
345,Shoes,westminister,Peach,https://imgur.com/6dpqKHe.png,XL,4,3,1
346,Shoes,westminister,Peach,https://imgur.com/6dpqKHe.png,XXL,0,3,1
347,Shoes,westminister,Peach,https://imgur.com/6dpqKHe.png,2XL,9,3,1
348,Shoes,westminister,Red,https://imgur.com/y81ZoDc.png,S,14,3,1
349,Shoes,westminister,Red,https://imgur.com/y81ZoDc.png,M,0,3,1
350,Shoes,westminister,Red,https://imgur.com/y81ZoDc.png,L,5,3,1
351,Shoes,westminister,Red,https://imgur.com/y81ZoDc.png,XL,2,3,1
352,Shoes,westminister,Red,https://imgur.com/y81ZoDc.png,XXL,13,3,1
353,Shoes,westminister,Red,https://imgur.com/y81ZoDc.png,2XL,9,3,1
354,Shoes,westminister,Gold,https://imgur.com/L7cseNz.png,S,4,3,1
355,Shoes,westminister,Gold,https://imgur.com/L7cseNz.png,M,1,3,1
356,Shoes,westminister,Gold,https://imgur.com/L7cseNz.png,L,12,3,1
357,Shoes,westminister,Gold,https://imgur.com/L7cseNz.png,XL,4,3,1
358,Shoes,westminister,Gold,https://imgur.com/L7cseNz.png,XXL,14,3,1
359,Shoes,westminister,Gold,https://imgur.com/L7cseNz.png,2XL,5,3,1
360,Shoes,aurora,White,https://imgur.com/xvJ98fe.png,S,9,4,1
361,Shoes,aurora,White,https://imgur.com/xvJ98fe.png,M,3,4,1
362,Shoes,aurora,White,https://imgur.com/xvJ98fe.png,L,2,4,1
363,Shoes,aurora,White,https://imgur.com/xvJ98fe.png,XL,2,4,1
364,Shoes,aurora,White,https://imgur.com/xvJ98fe.png,XXL,11,4,1
365,Shoes,aurora,White,https://imgur.com/xvJ98fe.png,2XL,4,4,1
366,Shoes,aurora,Blue,https://imgur.com/zReIoca.png,S,14,4,1
367,Shoes,aurora,Blue,https://imgur.com/zReIoca.png,M,8,4,1
368,Shoes,aurora,Blue,https://imgur.com/zReIoca.png,L,11,4,1
369,Shoes,aurora,Blue,https://imgur.com/zReIoca.png,XL,4,4,1
370,Shoes,aurora,Blue,https://imgur.com/zReIoca.png,XXL,12,4,1
371,Shoes,aurora,Blue,https://imgur.com/zReIoca.png,2XL,14,4,1
372,Shoes,aurora,Green,https://imgur.com/SRGlFjx.png,S,13,4,1
373,Shoes,aurora,Green,https://imgur.com/SRGlFjx.png,M,5,4,1
374,Shoes,aurora,Green,https://imgur.com/SRGlFjx.png,L,12,4,1
375,Shoes,aurora,Green,https://imgur.com/SRGlFjx.png,XL,0,4,1
376,Shoes,aurora,Green,https://imgur.com/SRGlFjx.png,XXL,12,4,1
377,Shoes,aurora,Green,https://imgur.com/SRGlFjx.png,2XL,1,4,1
378,Shoes,aurora,Peach,https://imgur.com/6dpqKHe.png,S,10,4,1
379,Shoes,aurora,Peach,https://imgur.com/6dpqKHe.png,M,14,4,1
380,Shoes,aurora,Peach,https://imgur.com/6dpqKHe.png,L,0,4,1
381,Shoes,aurora,Peach,https://imgur.com/6dpqKHe.png,XL,9,4,1
382,Shoes,aurora,Peach,https://imgur.com/6dpqKHe.png,XXL,6,4,1
383,Shoes,aurora,Peach,https://imgur.com/6dpqKHe.png,2XL,8,4,1
384,Shoes,aurora,Red,https://imgur.com/y81ZoDc.png,S,4,4,1
385,Shoes,aurora,Red,https://imgur.com/y81ZoDc.png,M,14,4,1
386,Shoes,aurora,Red,https://imgur.com/y81ZoDc.png,L,0,4,1
387,Shoes,aurora,Red,https://imgur.com/y81ZoDc.png,XL,6,4,1
388,Shoes,aurora,Red,https://imgur.com/y81ZoDc.png,XXL,3,4,1
389,Shoes,aurora,Red,https://imgur.com/y81ZoDc.png,2XL,0,4,1
390,Shoes,aurora,Gold,https://imgur.com/L7cseNz.png,S,3,4,1
391,Shoes,aurora,Gold,https://imgur.com/L7cseNz.png,M,13,4,1
392,Shoes,aurora,Gold,https://imgur.com/L7cseNz.png,L,1,4,1
393,Shoes,aurora,Gold,https://imgur.com/L7cseNz.png,XL,1,4,1
394,Shoes,aurora,Gold,https://imgur.com/L7cseNz.png,XXL,10,4,1
395,Shoes,aurora,Gold,https://imgur.com/L7cseNz.png,2XL,8,4,1
396,Shoes,nyc,White,https://imgur.com/xvJ98fe.png,S,5,5,1
397,Shoes,nyc,White,https://imgur.com/xvJ98fe.png,M,6,5,1
398,Shoes,nyc,White,https://imgur.com/xvJ98fe.png,L,1,5,1
399,Shoes,nyc,White,https://imgur.com/xvJ98fe.png,XL,13,5,1
400,Shoes,nyc,White,https://imgur.com/xvJ98fe.png,XXL,1,5,1
401,Shoes,nyc,White,https://imgur.com/xvJ98fe.png,2XL,11,5,1
402,Shoes,nyc,Blue,https://imgur.com/zReIoca.png,S,6,5,1
403,Shoes,nyc,Blue,https://imgur.com/zReIoca.png,M,14,5,1
404,Shoes,nyc,Blue,https://imgur.com/zReIoca.png,L,7,5,1
405,Shoes,nyc,Blue,https://imgur.com/zReIoca.png,XL,14,5,1
406,Shoes,nyc,Blue,https://imgur.com/zReIoca.png,XXL,0,5,1
407,Shoes,nyc,Blue,https://imgur.com/zReIoca.png,2XL,12,5,1
408,Shoes,nyc,Green,https://imgur.com/SRGlFjx.png,S,9,5,1
409,Shoes,nyc,Green,https://imgur.com/SRGlFjx.png,M,12,5,1
410,Shoes,nyc,Green,https://imgur.com/SRGlFjx.png,L,6,5,1
411,Shoes,nyc,Green,https://imgur.com/SRGlFjx.png,XL,8,5,1
412,Shoes,nyc,Green,https://imgur.com/SRGlFjx.png,XXL,2,5,1
413,Shoes,nyc,Green,https://imgur.com/SRGlFjx.png,2XL,2,5,1
414,Shoes,nyc,Peach,https://imgur.com/6dpqKHe.png,S,5,5,1
415,Shoes,nyc,Peach,https://imgur.com/6dpqKHe.png,M,6,5,1
416,Shoes,nyc,Peach,https://imgur.com/6dpqKHe.png,L,11,5,1
417,Shoes,nyc,Peach,https://imgur.com/6dpqKHe.png,XL,9,5,1
418,Shoes,nyc,Peach,https://imgur.com/6dpqKHe.png,XXL,4,5,1
419,Shoes,nyc,Peach,https://imgur.com/6dpqKHe.png,2XL,11,5,1
420,Shoes,nyc,Red,https://imgur.com/y81ZoDc.png,S,11,5,1
421,Shoes,nyc,Red,https://imgur.com/y81ZoDc.png,M,10,5,1
422,Shoes,nyc,Red,https://imgur.com/y81ZoDc.png,L,2,5,1
423,Shoes,nyc,Red,https://imgur.com/y81ZoDc.png,XL,8,5,1
424,Shoes,nyc,Red,https://imgur.com/y81ZoDc.png,XXL,12,5,1
425,Shoes,nyc,Red,https://imgur.com/y81ZoDc.png,2XL,2,5,1
426,Shoes,nyc,Gold,https://imgur.com/L7cseNz.png,S,13,5,1
427,Shoes,nyc,Gold,https://imgur.com/L7cseNz.png,M,0,5,1
428,Shoes,nyc,Gold,https://imgur.com/L7cseNz.png,L,3,5,1
429,Shoes,nyc,Gold,https://imgur.com/L7cseNz.png,XL,1,5,1
430,Shoes,nyc,Gold,https://imgur.com/L7cseNz.png,XXL,2,5,1
431,Shoes,nyc,Gold,https://imgur.com/L7cseNz.png,2XL,8,5,1
432,Chips,boulder,White,https://imgur.com/xvJ98fe.png,S,0,0,2
433,Chips,boulder,White,https://imgur.com/xvJ98fe.png,M,9,0,2
434,Chips,boulder,White,https://imgur.com/xvJ98fe.png,L,0,0,2
435,Chips,boulder,White,https://imgur.com/xvJ98fe.png,XL,6,0,2
436,Chips,boulder,White,https://imgur.com/xvJ98fe.png,XXL,14,0,2
437,Chips,boulder,White,https://imgur.com/xvJ98fe.png,2XL,1,0,2
438,Chips,boulder,Blue,https://imgur.com/zReIoca.png,S,5,0,2
439,Chips,boulder,Blue,https://imgur.com/zReIoca.png,M,0,0,2
440,Chips,boulder,Blue,https://imgur.com/zReIoca.png,L,12,0,2
441,Chips,boulder,Blue,https://imgur.com/zReIoca.png,XL,13,0,2
442,Chips,boulder,Blue,https://imgur.com/zReIoca.png,XXL,11,0,2
443,Chips,boulder,Blue,https://imgur.com/zReIoca.png,2XL,13,0,2
444,Chips,boulder,Green,https://imgur.com/SRGlFjx.png,S,6,0,2
445,Chips,boulder,Green,https://imgur.com/SRGlFjx.png,M,13,0,2
446,Chips,boulder,Green,https://imgur.com/SRGlFjx.png,L,4,0,2
447,Chips,boulder,Green,https://imgur.com/SRGlFjx.png,XL,8,0,2
448,Chips,boulder,Green,https://imgur.com/SRGlFjx.png,XXL,12,0,2
449,Chips,boulder,Green,https://imgur.com/SRGlFjx.png,2XL,2,0,2
450,Chips,boulder,Peach,https://imgur.com/6dpqKHe.png,S,9,0,2
451,Chips,boulder,Peach,https://imgur.com/6dpqKHe.png,M,1,0,2
452,Chips,boulder,Peach,https://imgur.com/6dpqKHe.png,L,3,0,2
453,Chips,boulder,Peach,https://imgur.com/6dpqKHe.png,XL,12,0,2
454,Chips,boulder,Peach,https://imgur.com/6dpqKHe.png,XXL,1,0,2
455,Chips,boulder,Peach,https://imgur.com/6dpqKHe.png,2XL,11,0,2
456,Chips,boulder,Red,https://imgur.com/y81ZoDc.png,S,5,0,2
457,Chips,boulder,Red,https://imgur.com/y81ZoDc.png,M,1,0,2
458,Chips,boulder,Red,https://imgur.com/y81ZoDc.png,L,10,0,2
459,Chips,boulder,Red,https://imgur.com/y81ZoDc.png,XL,13,0,2
460,Chips,boulder,Red,https://imgur.com/y81ZoDc.png,XXL,10,0,2
461,Chips,boulder,Red,https://imgur.com/y81ZoDc.png,2XL,11,0,2
462,Chips,boulder,Gold,https://imgur.com/L7cseNz.png,S,11,0,2
463,Chips,boulder,Gold,https://imgur.com/L7cseNz.png,M,4,0,2
464,Chips,boulder,Gold,https://imgur.com/L7cseNz.png,L,6,0,2
465,Chips,boulder,Gold,https://imgur.com/L7cseNz.png,XL,5,0,2
466,Chips,boulder,Gold,https://imgur.com/L7cseNz.png,XXL,5,0,2
467,Chips,boulder,Gold,https://imgur.com/L7cseNz.png,2XL,9,0,2
468,Chips,longmont,White,https://imgur.com/xvJ98fe.png,S,5,1,2
469,Chips,longmont,White,https://imgur.com/xvJ98fe.png,M,7,1,2
470,Chips,longmont,White,https://imgur.com/xvJ98fe.png,L,4,1,2
471,Chips,longmont,White,https://imgur.com/xvJ98fe.png,XL,7,1,2
472,Chips,longmont,White,https://imgur.com/xvJ98fe.png,XXL,13,1,2
473,Chips,longmont,White,https://imgur.com/xvJ98fe.png,2XL,1,1,2
474,Chips,longmont,Blue,https://imgur.com/zReIoca.png,S,8,1,2
475,Chips,longmont,Blue,https://imgur.com/zReIoca.png,M,0,1,2
476,Chips,longmont,Blue,https://imgur.com/zReIoca.png,L,1,1,2
477,Chips,longmont,Blue,https://imgur.com/zReIoca.png,XL,5,1,2
478,Chips,longmont,Blue,https://imgur.com/zReIoca.png,XXL,10,1,2
479,Chips,longmont,Blue,https://imgur.com/zReIoca.png,2XL,14,1,2
480,Chips,longmont,Green,https://imgur.com/SRGlFjx.png,S,9,1,2
481,Chips,longmont,Green,https://imgur.com/SRGlFjx.png,M,8,1,2
482,Chips,longmont,Green,https://imgur.com/SRGlFjx.png,L,5,1,2
483,Chips,longmont,Green,https://imgur.com/SRGlFjx.png,XL,3,1,2
484,Chips,longmont,Green,https://imgur.com/SRGlFjx.png,XXL,11,1,2
485,Chips,longmont,Green,https://imgur.com/SRGlFjx.png,2XL,11,1,2
486,Chips,longmont,Peach,https://imgur.com/6dpqKHe.png,S,7,1,2
487,Chips,longmont,Peach,https://imgur.com/6dpqKHe.png,M,7,1,2
488,Chips,longmont,Peach,https://imgur.com/6dpqKHe.png,L,14,1,2
489,Chips,longmont,Peach,https://imgur.com/6dpqKHe.png,XL,5,1,2
490,Chips,longmont,Peach,https://imgur.com/6dpqKHe.png,XXL,12,1,2
491,Chips,longmont,Peach,https://imgur.com/6dpqKHe.png,2XL,0,1,2
492,Chips,longmont,Red,https://imgur.com/y81ZoDc.png,S,6,1,2
493,Chips,longmont,Red,https://imgur.com/y81ZoDc.png,M,2,1,2
494,Chips,longmont,Red,https://imgur.com/y81ZoDc.png,L,13,1,2
495,Chips,longmont,Red,https://imgur.com/y81ZoDc.png,XL,1,1,2
496,Chips,longmont,Red,https://imgur.com/y81ZoDc.png,XXL,1,1,2
497,Chips,longmont,Red,https://imgur.com/y81ZoDc.png,2XL,4,1,2
498,Chips,longmont,Gold,https://imgur.com/L7cseNz.png,S,13,1,2
499,Chips,longmont,Gold,https://imgur.com/L7cseNz.png,M,10,1,2
500,Chips,longmont,Gold,https://imgur.com/L7cseNz.png,L,2,1,2
501,Chips,longmont,Gold,https://imgur.com/L7cseNz.png,XL,9,1,2
502,Chips,longmont,Gold,https://imgur.com/L7cseNz.png,XXL,12,1,2
503,Chips,longmont,Gold,https://imgur.com/L7cseNz.png,2XL,7,1,2
504,Chips,superior,White,https://imgur.com/xvJ98fe.png,S,11,2,2
505,Chips,superior,White,https://imgur.com/xvJ98fe.png,M,14,2,2
506,Chips,superior,White,https://imgur.com/xvJ98fe.png,L,8,2,2
507,Chips,superior,White,https://imgur.com/xvJ98fe.png,XL,5,2,2
508,Chips,superior,White,https://imgur.com/xvJ98fe.png,XXL,2,2,2
509,Chips,superior,White,https://imgur.com/xvJ98fe.png,2XL,5,2,2
510,Chips,superior,Blue,https://imgur.com/zReIoca.png,S,5,2,2
511,Chips,superior,Blue,https://imgur.com/zReIoca.png,M,0,2,2
512,Chips,superior,Blue,https://imgur.com/zReIoca.png,L,14,2,2
513,Chips,superior,Blue,https://imgur.com/zReIoca.png,XL,14,2,2
514,Chips,superior,Blue,https://imgur.com/zReIoca.png,XXL,8,2,2
515,Chips,superior,Blue,https://imgur.com/zReIoca.png,2XL,14,2,2
516,Chips,superior,Green,https://imgur.com/SRGlFjx.png,S,10,2,2
517,Chips,superior,Green,https://imgur.com/SRGlFjx.png,M,4,2,2
518,Chips,superior,Green,https://imgur.com/SRGlFjx.png,L,1,2,2
519,Chips,superior,Green,https://imgur.com/SRGlFjx.png,XL,2,2,2
520,Chips,superior,Green,https://imgur.com/SRGlFjx.png,XXL,6,2,2
521,Chips,superior,Green,https://imgur.com/SRGlFjx.png,2XL,4,2,2
522,Chips,superior,Peach,https://imgur.com/6dpqKHe.png,S,0,2,2
523,Chips,superior,Peach,https://imgur.com/6dpqKHe.png,M,6,2,2
524,Chips,superior,Peach,https://imgur.com/6dpqKHe.png,L,6,2,2
525,Chips,superior,Peach,https://imgur.com/6dpqKHe.png,XL,13,2,2
526,Chips,superior,Peach,https://imgur.com/6dpqKHe.png,XXL,2,2,2
527,Chips,superior,Peach,https://imgur.com/6dpqKHe.png,2XL,6,2,2
528,Chips,superior,Red,https://imgur.com/y81ZoDc.png,S,14,2,2
529,Chips,superior,Red,https://imgur.com/y81ZoDc.png,M,0,2,2
530,Chips,superior,Red,https://imgur.com/y81ZoDc.png,L,0,2,2
531,Chips,superior,Red,https://imgur.com/y81ZoDc.png,XL,13,2,2
532,Chips,superior,Red,https://imgur.com/y81ZoDc.png,XXL,3,2,2
533,Chips,superior,Red,https://imgur.com/y81ZoDc.png,2XL,1,2,2
534,Chips,superior,Gold,https://imgur.com/L7cseNz.png,S,4,2,2
535,Chips,superior,Gold,https://imgur.com/L7cseNz.png,M,8,2,2
536,Chips,superior,Gold,https://imgur.com/L7cseNz.png,L,10,2,2
537,Chips,superior,Gold,https://imgur.com/L7cseNz.png,XL,0,2,2
538,Chips,superior,Gold,https://imgur.com/L7cseNz.png,XXL,6,2,2
539,Chips,superior,Gold,https://imgur.com/L7cseNz.png,2XL,7,2,2
540,Chips,westminister,White,https://imgur.com/xvJ98fe.png,S,1,3,2
541,Chips,westminister,White,https://imgur.com/xvJ98fe.png,M,3,3,2
542,Chips,westminister,White,https://imgur.com/xvJ98fe.png,L,10,3,2
543,Chips,westminister,White,https://imgur.com/xvJ98fe.png,XL,4,3,2
544,Chips,westminister,White,https://imgur.com/xvJ98fe.png,XXL,5,3,2
545,Chips,westminister,White,https://imgur.com/xvJ98fe.png,2XL,5,3,2
546,Chips,westminister,Blue,https://imgur.com/zReIoca.png,S,7,3,2
547,Chips,westminister,Blue,https://imgur.com/zReIoca.png,M,2,3,2
548,Chips,westminister,Blue,https://imgur.com/zReIoca.png,L,13,3,2
549,Chips,westminister,Blue,https://imgur.com/zReIoca.png,XL,6,3,2
550,Chips,westminister,Blue,https://imgur.com/zReIoca.png,XXL,14,3,2
551,Chips,westminister,Blue,https://imgur.com/zReIoca.png,2XL,13,3,2
552,Chips,westminister,Green,https://imgur.com/SRGlFjx.png,S,8,3,2
553,Chips,westminister,Green,https://imgur.com/SRGlFjx.png,M,13,3,2
554,Chips,westminister,Green,https://imgur.com/SRGlFjx.png,L,9,3,2
555,Chips,westminister,Green,https://imgur.com/SRGlFjx.png,XL,0,3,2
556,Chips,westminister,Green,https://imgur.com/SRGlFjx.png,XXL,9,3,2
557,Chips,westminister,Green,https://imgur.com/SRGlFjx.png,2XL,14,3,2
558,Chips,westminister,Peach,https://imgur.com/6dpqKHe.png,S,5,3,2
559,Chips,westminister,Peach,https://imgur.com/6dpqKHe.png,M,14,3,2
560,Chips,westminister,Peach,https://imgur.com/6dpqKHe.png,L,13,3,2
561,Chips,westminister,Peach,https://imgur.com/6dpqKHe.png,XL,3,3,2
562,Chips,westminister,Peach,https://imgur.com/6dpqKHe.png,XXL,7,3,2
563,Chips,westminister,Peach,https://imgur.com/6dpqKHe.png,2XL,9,3,2
564,Chips,westminister,Red,https://imgur.com/y81ZoDc.png,S,4,3,2
565,Chips,westminister,Red,https://imgur.com/y81ZoDc.png,M,7,3,2
566,Chips,westminister,Red,https://imgur.com/y81ZoDc.png,L,14,3,2
567,Chips,westminister,Red,https://imgur.com/y81ZoDc.png,XL,14,3,2
568,Chips,westminister,Red,https://imgur.com/y81ZoDc.png,XXL,5,3,2
569,Chips,westminister,Red,https://imgur.com/y81ZoDc.png,2XL,3,3,2
570,Chips,westminister,Gold,https://imgur.com/L7cseNz.png,S,9,3,2
571,Chips,westminister,Gold,https://imgur.com/L7cseNz.png,M,6,3,2
572,Chips,westminister,Gold,https://imgur.com/L7cseNz.png,L,9,3,2
573,Chips,westminister,Gold,https://imgur.com/L7cseNz.png,XL,0,3,2
574,Chips,westminister,Gold,https://imgur.com/L7cseNz.png,XXL,5,3,2
575,Chips,westminister,Gold,https://imgur.com/L7cseNz.png,2XL,1,3,2
576,Chips,aurora,White,https://imgur.com/xvJ98fe.png,S,5,4,2
577,Chips,aurora,White,https://imgur.com/xvJ98fe.png,M,2,4,2
578,Chips,aurora,White,https://imgur.com/xvJ98fe.png,L,8,4,2
579,Chips,aurora,White,https://imgur.com/xvJ98fe.png,XL,9,4,2
580,Chips,aurora,White,https://imgur.com/xvJ98fe.png,XXL,14,4,2
581,Chips,aurora,White,https://imgur.com/xvJ98fe.png,2XL,1,4,2
582,Chips,aurora,Blue,https://imgur.com/zReIoca.png,S,3,4,2
583,Chips,aurora,Blue,https://imgur.com/zReIoca.png,M,14,4,2
584,Chips,aurora,Blue,https://imgur.com/zReIoca.png,L,14,4,2
585,Chips,aurora,Blue,https://imgur.com/zReIoca.png,XL,0,4,2
586,Chips,aurora,Blue,https://imgur.com/zReIoca.png,XXL,13,4,2
587,Chips,aurora,Blue,https://imgur.com/zReIoca.png,2XL,12,4,2
588,Chips,aurora,Green,https://imgur.com/SRGlFjx.png,S,8,4,2
589,Chips,aurora,Green,https://imgur.com/SRGlFjx.png,M,9,4,2
590,Chips,aurora,Green,https://imgur.com/SRGlFjx.png,L,5,4,2
591,Chips,aurora,Green,https://imgur.com/SRGlFjx.png,XL,12,4,2
592,Chips,aurora,Green,https://imgur.com/SRGlFjx.png,XXL,5,4,2
593,Chips,aurora,Green,https://imgur.com/SRGlFjx.png,2XL,14,4,2
594,Chips,aurora,Peach,https://imgur.com/6dpqKHe.png,S,9,4,2
595,Chips,aurora,Peach,https://imgur.com/6dpqKHe.png,M,4,4,2
596,Chips,aurora,Peach,https://imgur.com/6dpqKHe.png,L,0,4,2
597,Chips,aurora,Peach,https://imgur.com/6dpqKHe.png,XL,14,4,2
598,Chips,aurora,Peach,https://imgur.com/6dpqKHe.png,XXL,4,4,2
599,Chips,aurora,Peach,https://imgur.com/6dpqKHe.png,2XL,2,4,2
600,Chips,aurora,Red,https://imgur.com/y81ZoDc.png,S,5,4,2
601,Chips,aurora,Red,https://imgur.com/y81ZoDc.png,M,10,4,2
602,Chips,aurora,Red,https://imgur.com/y81ZoDc.png,L,7,4,2
603,Chips,aurora,Red,https://imgur.com/y81ZoDc.png,XL,11,4,2
604,Chips,aurora,Red,https://imgur.com/y81ZoDc.png,XXL,13,4,2
605,Chips,aurora,Red,https://imgur.com/y81ZoDc.png,2XL,5,4,2
606,Chips,aurora,Gold,https://imgur.com/L7cseNz.png,S,9,4,2
607,Chips,aurora,Gold,https://imgur.com/L7cseNz.png,M,9,4,2
608,Chips,aurora,Gold,https://imgur.com/L7cseNz.png,L,13,4,2
609,Chips,aurora,Gold,https://imgur.com/L7cseNz.png,XL,9,4,2
610,Chips,aurora,Gold,https://imgur.com/L7cseNz.png,XXL,4,4,2
611,Chips,aurora,Gold,https://imgur.com/L7cseNz.png,2XL,3,4,2
612,Chips,nyc,White,https://imgur.com/xvJ98fe.png,S,13,5,2
613,Chips,nyc,White,https://imgur.com/xvJ98fe.png,M,7,5,2
614,Chips,nyc,White,https://imgur.com/xvJ98fe.png,L,8,5,2
615,Chips,nyc,White,https://imgur.com/xvJ98fe.png,XL,13,5,2
616,Chips,nyc,White,https://imgur.com/xvJ98fe.png,XXL,10,5,2
617,Chips,nyc,White,https://imgur.com/xvJ98fe.png,2XL,5,5,2
618,Chips,nyc,Blue,https://imgur.com/zReIoca.png,S,13,5,2
619,Chips,nyc,Blue,https://imgur.com/zReIoca.png,M,4,5,2
620,Chips,nyc,Blue,https://imgur.com/zReIoca.png,L,2,5,2
621,Chips,nyc,Blue,https://imgur.com/zReIoca.png,XL,4,5,2
622,Chips,nyc,Blue,https://imgur.com/zReIoca.png,XXL,8,5,2
623,Chips,nyc,Blue,https://imgur.com/zReIoca.png,2XL,1,5,2
624,Chips,nyc,Green,https://imgur.com/SRGlFjx.png,S,8,5,2
625,Chips,nyc,Green,https://imgur.com/SRGlFjx.png,M,13,5,2
626,Chips,nyc,Green,https://imgur.com/SRGlFjx.png,L,13,5,2
627,Chips,nyc,Green,https://imgur.com/SRGlFjx.png,XL,2,5,2
628,Chips,nyc,Green,https://imgur.com/SRGlFjx.png,XXL,9,5,2
629,Chips,nyc,Green,https://imgur.com/SRGlFjx.png,2XL,14,5,2
630,Chips,nyc,Peach,https://imgur.com/6dpqKHe.png,S,11,5,2
631,Chips,nyc,Peach,https://imgur.com/6dpqKHe.png,M,5,5,2
632,Chips,nyc,Peach,https://imgur.com/6dpqKHe.png,L,11,5,2
633,Chips,nyc,Peach,https://imgur.com/6dpqKHe.png,XL,12,5,2
634,Chips,nyc,Peach,https://imgur.com/6dpqKHe.png,XXL,3,5,2
635,Chips,nyc,Peach,https://imgur.com/6dpqKHe.png,2XL,3,5,2
636,Chips,nyc,Red,https://imgur.com/y81ZoDc.png,S,10,5,2
637,Chips,nyc,Red,https://imgur.com/y81ZoDc.png,M,14,5,2
638,Chips,nyc,Red,https://imgur.com/y81ZoDc.png,L,8,5,2
639,Chips,nyc,Red,https://imgur.com/y81ZoDc.png,XL,14,5,2
640,Chips,nyc,Red,https://imgur.com/y81ZoDc.png,XXL,11,5,2
641,Chips,nyc,Red,https://imgur.com/y81ZoDc.png,2XL,12,5,2
642,Chips,nyc,Gold,https://imgur.com/L7cseNz.png,S,3,5,2
643,Chips,nyc,Gold,https://imgur.com/L7cseNz.png,M,12,5,2
644,Chips,nyc,Gold,https://imgur.com/L7cseNz.png,L,11,5,2
645,Chips,nyc,Gold,https://imgur.com/L7cseNz.png,XL,3,5,2
646,Chips,nyc,Gold,https://imgur.com/L7cseNz.png,XXL,9,5,2
647,Chips,nyc,Gold,https://imgur.com/L7cseNz.png,2XL,12,5,2
648,Table,boulder,White,https://imgur.com/xvJ98fe.png,S,7,0,3
649,Table,boulder,White,https://imgur.com/xvJ98fe.png,M,2,0,3
650,Table,boulder,White,https://imgur.com/xvJ98fe.png,L,10,0,3
651,Table,boulder,White,https://imgur.com/xvJ98fe.png,XL,4,0,3
652,Table,boulder,White,https://imgur.com/xvJ98fe.png,XXL,0,0,3
653,Table,boulder,White,https://imgur.com/xvJ98fe.png,2XL,12,0,3
654,Table,boulder,Blue,https://imgur.com/zReIoca.png,S,4,0,3
655,Table,boulder,Blue,https://imgur.com/zReIoca.png,M,12,0,3
656,Table,boulder,Blue,https://imgur.com/zReIoca.png,L,11,0,3
657,Table,boulder,Blue,https://imgur.com/zReIoca.png,XL,9,0,3
658,Table,boulder,Blue,https://imgur.com/zReIoca.png,XXL,12,0,3
659,Table,boulder,Blue,https://imgur.com/zReIoca.png,2XL,8,0,3
660,Table,boulder,Green,https://imgur.com/SRGlFjx.png,S,12,0,3
661,Table,boulder,Green,https://imgur.com/SRGlFjx.png,M,1,0,3
662,Table,boulder,Green,https://imgur.com/SRGlFjx.png,L,11,0,3
663,Table,boulder,Green,https://imgur.com/SRGlFjx.png,XL,7,0,3
664,Table,boulder,Green,https://imgur.com/SRGlFjx.png,XXL,11,0,3
665,Table,boulder,Green,https://imgur.com/SRGlFjx.png,2XL,13,0,3
666,Table,boulder,Peach,https://imgur.com/6dpqKHe.png,S,11,0,3
667,Table,boulder,Peach,https://imgur.com/6dpqKHe.png,M,4,0,3
668,Table,boulder,Peach,https://imgur.com/6dpqKHe.png,L,2,0,3
669,Table,boulder,Peach,https://imgur.com/6dpqKHe.png,XL,8,0,3
670,Table,boulder,Peach,https://imgur.com/6dpqKHe.png,XXL,2,0,3
671,Table,boulder,Peach,https://imgur.com/6dpqKHe.png,2XL,7,0,3
672,Table,boulder,Red,https://imgur.com/y81ZoDc.png,S,11,0,3
673,Table,boulder,Red,https://imgur.com/y81ZoDc.png,M,8,0,3
674,Table,boulder,Red,https://imgur.com/y81ZoDc.png,L,8,0,3
675,Table,boulder,Red,https://imgur.com/y81ZoDc.png,XL,10,0,3
676,Table,boulder,Red,https://imgur.com/y81ZoDc.png,XXL,0,0,3
677,Table,boulder,Red,https://imgur.com/y81ZoDc.png,2XL,6,0,3
678,Table,boulder,Gold,https://imgur.com/L7cseNz.png,S,8,0,3
679,Table,boulder,Gold,https://imgur.com/L7cseNz.png,M,6,0,3
680,Table,boulder,Gold,https://imgur.com/L7cseNz.png,L,11,0,3
681,Table,boulder,Gold,https://imgur.com/L7cseNz.png,XL,2,0,3
682,Table,boulder,Gold,https://imgur.com/L7cseNz.png,XXL,11,0,3
683,Table,boulder,Gold,https://imgur.com/L7cseNz.png,2XL,8,0,3
684,Table,longmont,White,https://imgur.com/xvJ98fe.png,S,12,1,3
685,Table,longmont,White,https://imgur.com/xvJ98fe.png,M,14,1,3
686,Table,longmont,White,https://imgur.com/xvJ98fe.png,L,13,1,3
687,Table,longmont,White,https://imgur.com/xvJ98fe.png,XL,11,1,3
688,Table,longmont,White,https://imgur.com/xvJ98fe.png,XXL,0,1,3
689,Table,longmont,White,https://imgur.com/xvJ98fe.png,2XL,1,1,3
690,Table,longmont,Blue,https://imgur.com/zReIoca.png,S,8,1,3
691,Table,longmont,Blue,https://imgur.com/zReIoca.png,M,5,1,3
692,Table,longmont,Blue,https://imgur.com/zReIoca.png,L,14,1,3
693,Table,longmont,Blue,https://imgur.com/zReIoca.png,XL,10,1,3
694,Table,longmont,Blue,https://imgur.com/zReIoca.png,XXL,10,1,3
695,Table,longmont,Blue,https://imgur.com/zReIoca.png,2XL,0,1,3
696,Table,longmont,Green,https://imgur.com/SRGlFjx.png,S,14,1,3
697,Table,longmont,Green,https://imgur.com/SRGlFjx.png,M,11,1,3
698,Table,longmont,Green,https://imgur.com/SRGlFjx.png,L,3,1,3
699,Table,longmont,Green,https://imgur.com/SRGlFjx.png,XL,1,1,3
700,Table,longmont,Green,https://imgur.com/SRGlFjx.png,XXL,2,1,3
701,Table,longmont,Green,https://imgur.com/SRGlFjx.png,2XL,13,1,3
702,Table,longmont,Peach,https://imgur.com/6dpqKHe.png,S,11,1,3
703,Table,longmont,Peach,https://imgur.com/6dpqKHe.png,M,12,1,3
704,Table,longmont,Peach,https://imgur.com/6dpqKHe.png,L,4,1,3
705,Table,longmont,Peach,https://imgur.com/6dpqKHe.png,XL,1,1,3
706,Table,longmont,Peach,https://imgur.com/6dpqKHe.png,XXL,10,1,3
707,Table,longmont,Peach,https://imgur.com/6dpqKHe.png,2XL,7,1,3
708,Table,longmont,Red,https://imgur.com/y81ZoDc.png,S,8,1,3
709,Table,longmont,Red,https://imgur.com/y81ZoDc.png,M,8,1,3
710,Table,longmont,Red,https://imgur.com/y81ZoDc.png,L,8,1,3
711,Table,longmont,Red,https://imgur.com/y81ZoDc.png,XL,5,1,3
712,Table,longmont,Red,https://imgur.com/y81ZoDc.png,XXL,1,1,3
713,Table,longmont,Red,https://imgur.com/y81ZoDc.png,2XL,14,1,3
714,Table,longmont,Gold,https://imgur.com/L7cseNz.png,S,7,1,3
715,Table,longmont,Gold,https://imgur.com/L7cseNz.png,M,11,1,3
716,Table,longmont,Gold,https://imgur.com/L7cseNz.png,L,2,1,3
717,Table,longmont,Gold,https://imgur.com/L7cseNz.png,XL,6,1,3
718,Table,longmont,Gold,https://imgur.com/L7cseNz.png,XXL,12,1,3
719,Table,longmont,Gold,https://imgur.com/L7cseNz.png,2XL,1,1,3
720,Table,superior,White,https://imgur.com/xvJ98fe.png,S,6,2,3
721,Table,superior,White,https://imgur.com/xvJ98fe.png,M,1,2,3
722,Table,superior,White,https://imgur.com/xvJ98fe.png,L,5,2,3
723,Table,superior,White,https://imgur.com/xvJ98fe.png,XL,5,2,3
724,Table,superior,White,https://imgur.com/xvJ98fe.png,XXL,0,2,3
725,Table,superior,White,https://imgur.com/xvJ98fe.png,2XL,4,2,3
726,Table,superior,Blue,https://imgur.com/zReIoca.png,S,11,2,3
727,Table,superior,Blue,https://imgur.com/zReIoca.png,M,7,2,3
728,Table,superior,Blue,https://imgur.com/zReIoca.png,L,7,2,3
729,Table,superior,Blue,https://imgur.com/zReIoca.png,XL,13,2,3
730,Table,superior,Blue,https://imgur.com/zReIoca.png,XXL,6,2,3
731,Table,superior,Blue,https://imgur.com/zReIoca.png,2XL,11,2,3
732,Table,superior,Green,https://imgur.com/SRGlFjx.png,S,2,2,3
733,Table,superior,Green,https://imgur.com/SRGlFjx.png,M,7,2,3
734,Table,superior,Green,https://imgur.com/SRGlFjx.png,L,2,2,3
735,Table,superior,Green,https://imgur.com/SRGlFjx.png,XL,5,2,3
736,Table,superior,Green,https://imgur.com/SRGlFjx.png,XXL,5,2,3
737,Table,superior,Green,https://imgur.com/SRGlFjx.png,2XL,5,2,3
738,Table,superior,Peach,https://imgur.com/6dpqKHe.png,S,7,2,3
739,Table,superior,Peach,https://imgur.com/6dpqKHe.png,M,7,2,3
740,Table,superior,Peach,https://imgur.com/6dpqKHe.png,L,6,2,3
741,Table,superior,Peach,https://imgur.com/6dpqKHe.png,XL,11,2,3
742,Table,superior,Peach,https://imgur.com/6dpqKHe.png,XXL,2,2,3
743,Table,superior,Peach,https://imgur.com/6dpqKHe.png,2XL,7,2,3
744,Table,superior,Red,https://imgur.com/y81ZoDc.png,S,11,2,3
745,Table,superior,Red,https://imgur.com/y81ZoDc.png,M,2,2,3
746,Table,superior,Red,https://imgur.com/y81ZoDc.png,L,8,2,3
747,Table,superior,Red,https://imgur.com/y81ZoDc.png,XL,0,2,3
748,Table,superior,Red,https://imgur.com/y81ZoDc.png,XXL,7,2,3
749,Table,superior,Red,https://imgur.com/y81ZoDc.png,2XL,11,2,3
750,Table,superior,Gold,https://imgur.com/L7cseNz.png,S,1,2,3
751,Table,superior,Gold,https://imgur.com/L7cseNz.png,M,12,2,3
752,Table,superior,Gold,https://imgur.com/L7cseNz.png,L,3,2,3
753,Table,superior,Gold,https://imgur.com/L7cseNz.png,XL,3,2,3
754,Table,superior,Gold,https://imgur.com/L7cseNz.png,XXL,7,2,3
755,Table,superior,Gold,https://imgur.com/L7cseNz.png,2XL,9,2,3
756,Table,westminister,White,https://imgur.com/xvJ98fe.png,S,4,3,3
757,Table,westminister,White,https://imgur.com/xvJ98fe.png,M,6,3,3
758,Table,westminister,White,https://imgur.com/xvJ98fe.png,L,11,3,3
759,Table,westminister,White,https://imgur.com/xvJ98fe.png,XL,11,3,3
760,Table,westminister,White,https://imgur.com/xvJ98fe.png,XXL,10,3,3
761,Table,westminister,White,https://imgur.com/xvJ98fe.png,2XL,10,3,3
762,Table,westminister,Blue,https://imgur.com/zReIoca.png,S,1,3,3
763,Table,westminister,Blue,https://imgur.com/zReIoca.png,M,12,3,3
764,Table,westminister,Blue,https://imgur.com/zReIoca.png,L,14,3,3
765,Table,westminister,Blue,https://imgur.com/zReIoca.png,XL,1,3,3
766,Table,westminister,Blue,https://imgur.com/zReIoca.png,XXL,14,3,3
767,Table,westminister,Blue,https://imgur.com/zReIoca.png,2XL,7,3,3
768,Table,westminister,Green,https://imgur.com/SRGlFjx.png,S,0,3,3
769,Table,westminister,Green,https://imgur.com/SRGlFjx.png,M,14,3,3
770,Table,westminister,Green,https://imgur.com/SRGlFjx.png,L,10,3,3
771,Table,westminister,Green,https://imgur.com/SRGlFjx.png,XL,5,3,3
772,Table,westminister,Green,https://imgur.com/SRGlFjx.png,XXL,12,3,3
773,Table,westminister,Green,https://imgur.com/SRGlFjx.png,2XL,10,3,3
774,Table,westminister,Peach,https://imgur.com/6dpqKHe.png,S,11,3,3
775,Table,westminister,Peach,https://imgur.com/6dpqKHe.png,M,11,3,3
776,Table,westminister,Peach,https://imgur.com/6dpqKHe.png,L,2,3,3
777,Table,westminister,Peach,https://imgur.com/6dpqKHe.png,XL,12,3,3
778,Table,westminister,Peach,https://imgur.com/6dpqKHe.png,XXL,0,3,3
779,Table,westminister,Peach,https://imgur.com/6dpqKHe.png,2XL,4,3,3
780,Table,westminister,Red,https://imgur.com/y81ZoDc.png,S,8,3,3
781,Table,westminister,Red,https://imgur.com/y81ZoDc.png,M,12,3,3
782,Table,westminister,Red,https://imgur.com/y81ZoDc.png,L,5,3,3
783,Table,westminister,Red,https://imgur.com/y81ZoDc.png,XL,3,3,3
784,Table,westminister,Red,https://imgur.com/y81ZoDc.png,XXL,4,3,3
785,Table,westminister,Red,https://imgur.com/y81ZoDc.png,2XL,11,3,3
786,Table,westminister,Gold,https://imgur.com/L7cseNz.png,S,2,3,3
787,Table,westminister,Gold,https://imgur.com/L7cseNz.png,M,14,3,3
788,Table,westminister,Gold,https://imgur.com/L7cseNz.png,L,12,3,3
789,Table,westminister,Gold,https://imgur.com/L7cseNz.png,XL,13,3,3
790,Table,westminister,Gold,https://imgur.com/L7cseNz.png,XXL,7,3,3
791,Table,westminister,Gold,https://imgur.com/L7cseNz.png,2XL,11,3,3
792,Table,aurora,White,https://imgur.com/xvJ98fe.png,S,4,4,3
793,Table,aurora,White,https://imgur.com/xvJ98fe.png,M,2,4,3
794,Table,aurora,White,https://imgur.com/xvJ98fe.png,L,10,4,3
795,Table,aurora,White,https://imgur.com/xvJ98fe.png,XL,13,4,3
796,Table,aurora,White,https://imgur.com/xvJ98fe.png,XXL,8,4,3
797,Table,aurora,White,https://imgur.com/xvJ98fe.png,2XL,4,4,3
798,Table,aurora,Blue,https://imgur.com/zReIoca.png,S,1,4,3
799,Table,aurora,Blue,https://imgur.com/zReIoca.png,M,11,4,3
800,Table,aurora,Blue,https://imgur.com/zReIoca.png,L,14,4,3
801,Table,aurora,Blue,https://imgur.com/zReIoca.png,XL,12,4,3
802,Table,aurora,Blue,https://imgur.com/zReIoca.png,XXL,7,4,3
803,Table,aurora,Blue,https://imgur.com/zReIoca.png,2XL,8,4,3
804,Table,aurora,Green,https://imgur.com/SRGlFjx.png,S,3,4,3
805,Table,aurora,Green,https://imgur.com/SRGlFjx.png,M,12,4,3
806,Table,aurora,Green,https://imgur.com/SRGlFjx.png,L,2,4,3
807,Table,aurora,Green,https://imgur.com/SRGlFjx.png,XL,7,4,3
808,Table,aurora,Green,https://imgur.com/SRGlFjx.png,XXL,13,4,3
809,Table,aurora,Green,https://imgur.com/SRGlFjx.png,2XL,5,4,3
810,Table,aurora,Peach,https://imgur.com/6dpqKHe.png,S,6,4,3
811,Table,aurora,Peach,https://imgur.com/6dpqKHe.png,M,4,4,3
812,Table,aurora,Peach,https://imgur.com/6dpqKHe.png,L,13,4,3
813,Table,aurora,Peach,https://imgur.com/6dpqKHe.png,XL,11,4,3
814,Table,aurora,Peach,https://imgur.com/6dpqKHe.png,XXL,11,4,3
815,Table,aurora,Peach,https://imgur.com/6dpqKHe.png,2XL,0,4,3
816,Table,aurora,Red,https://imgur.com/y81ZoDc.png,S,10,4,3
817,Table,aurora,Red,https://imgur.com/y81ZoDc.png,M,6,4,3
818,Table,aurora,Red,https://imgur.com/y81ZoDc.png,L,5,4,3
819,Table,aurora,Red,https://imgur.com/y81ZoDc.png,XL,1,4,3
820,Table,aurora,Red,https://imgur.com/y81ZoDc.png,XXL,5,4,3
821,Table,aurora,Red,https://imgur.com/y81ZoDc.png,2XL,2,4,3
822,Table,aurora,Gold,https://imgur.com/L7cseNz.png,S,10,4,3
823,Table,aurora,Gold,https://imgur.com/L7cseNz.png,M,2,4,3
824,Table,aurora,Gold,https://imgur.com/L7cseNz.png,L,2,4,3
825,Table,aurora,Gold,https://imgur.com/L7cseNz.png,XL,11,4,3
826,Table,aurora,Gold,https://imgur.com/L7cseNz.png,XXL,7,4,3
827,Table,aurora,Gold,https://imgur.com/L7cseNz.png,2XL,3,4,3
828,Table,nyc,White,https://imgur.com/xvJ98fe.png,S,14,5,3
829,Table,nyc,White,https://imgur.com/xvJ98fe.png,M,4,5,3
830,Table,nyc,White,https://imgur.com/xvJ98fe.png,L,6,5,3
831,Table,nyc,White,https://imgur.com/xvJ98fe.png,XL,3,5,3
832,Table,nyc,White,https://imgur.com/xvJ98fe.png,XXL,14,5,3
833,Table,nyc,White,https://imgur.com/xvJ98fe.png,2XL,2,5,3
834,Table,nyc,Blue,https://imgur.com/zReIoca.png,S,5,5,3
835,Table,nyc,Blue,https://imgur.com/zReIoca.png,M,14,5,3
836,Table,nyc,Blue,https://imgur.com/zReIoca.png,L,0,5,3
837,Table,nyc,Blue,https://imgur.com/zReIoca.png,XL,12,5,3
838,Table,nyc,Blue,https://imgur.com/zReIoca.png,XXL,1,5,3
839,Table,nyc,Blue,https://imgur.com/zReIoca.png,2XL,9,5,3
840,Table,nyc,Green,https://imgur.com/SRGlFjx.png,S,3,5,3
841,Table,nyc,Green,https://imgur.com/SRGlFjx.png,M,14,5,3
842,Table,nyc,Green,https://imgur.com/SRGlFjx.png,L,5,5,3
843,Table,nyc,Green,https://imgur.com/SRGlFjx.png,XL,13,5,3
844,Table,nyc,Green,https://imgur.com/SRGlFjx.png,XXL,3,5,3
845,Table,nyc,Green,https://imgur.com/SRGlFjx.png,2XL,11,5,3
846,Table,nyc,Peach,https://imgur.com/6dpqKHe.png,S,9,5,3
847,Table,nyc,Peach,https://imgur.com/6dpqKHe.png,M,4,5,3
848,Table,nyc,Peach,https://imgur.com/6dpqKHe.png,L,6,5,3
849,Table,nyc,Peach,https://imgur.com/6dpqKHe.png,XL,5,5,3
850,Table,nyc,Peach,https://imgur.com/6dpqKHe.png,XXL,7,5,3
851,Table,nyc,Peach,https://imgur.com/6dpqKHe.png,2XL,9,5,3
852,Table,nyc,Red,https://imgur.com/y81ZoDc.png,S,9,5,3
853,Table,nyc,Red,https://imgur.com/y81ZoDc.png,M,1,5,3
854,Table,nyc,Red,https://imgur.com/y81ZoDc.png,L,0,5,3
855,Table,nyc,Red,https://imgur.com/y81ZoDc.png,XL,6,5,3
856,Table,nyc,Red,https://imgur.com/y81ZoDc.png,XXL,6,5,3
857,Table,nyc,Red,https://imgur.com/y81ZoDc.png,2XL,9,5,3
858,Table,nyc,Gold,https://imgur.com/L7cseNz.png,S,14,5,3
859,Table,nyc,Gold,https://imgur.com/L7cseNz.png,M,0,5,3
860,Table,nyc,Gold,https://imgur.com/L7cseNz.png,L,0,5,3
861,Table,nyc,Gold,https://imgur.com/L7cseNz.png,XL,6,5,3
862,Table,nyc,Gold,https://imgur.com/L7cseNz.png,XXL,5,5,3
863,Table,nyc,Gold,https://imgur.com/L7cseNz.png,2XL,4,5,3
864,Computer,boulder,White,https://imgur.com/xvJ98fe.png,S,14,0,4
865,Computer,boulder,White,https://imgur.com/xvJ98fe.png,M,2,0,4
866,Computer,boulder,White,https://imgur.com/xvJ98fe.png,L,11,0,4
867,Computer,boulder,White,https://imgur.com/xvJ98fe.png,XL,9,0,4
868,Computer,boulder,White,https://imgur.com/xvJ98fe.png,XXL,5,0,4
869,Computer,boulder,White,https://imgur.com/xvJ98fe.png,2XL,12,0,4
870,Computer,boulder,Blue,https://imgur.com/zReIoca.png,S,6,0,4
871,Computer,boulder,Blue,https://imgur.com/zReIoca.png,M,2,0,4
872,Computer,boulder,Blue,https://imgur.com/zReIoca.png,L,5,0,4
873,Computer,boulder,Blue,https://imgur.com/zReIoca.png,XL,8,0,4
874,Computer,boulder,Blue,https://imgur.com/zReIoca.png,XXL,9,0,4
875,Computer,boulder,Blue,https://imgur.com/zReIoca.png,2XL,13,0,4
876,Computer,boulder,Green,https://imgur.com/SRGlFjx.png,S,1,0,4
877,Computer,boulder,Green,https://imgur.com/SRGlFjx.png,M,4,0,4
878,Computer,boulder,Green,https://imgur.com/SRGlFjx.png,L,2,0,4
879,Computer,boulder,Green,https://imgur.com/SRGlFjx.png,XL,10,0,4
880,Computer,boulder,Green,https://imgur.com/SRGlFjx.png,XXL,0,0,4
881,Computer,boulder,Green,https://imgur.com/SRGlFjx.png,2XL,0,0,4
882,Computer,boulder,Peach,https://imgur.com/6dpqKHe.png,S,8,0,4
883,Computer,boulder,Peach,https://imgur.com/6dpqKHe.png,M,9,0,4
884,Computer,boulder,Peach,https://imgur.com/6dpqKHe.png,L,3,0,4
885,Computer,boulder,Peach,https://imgur.com/6dpqKHe.png,XL,13,0,4
886,Computer,boulder,Peach,https://imgur.com/6dpqKHe.png,XXL,4,0,4
887,Computer,boulder,Peach,https://imgur.com/6dpqKHe.png,2XL,4,0,4
888,Computer,boulder,Red,https://imgur.com/y81ZoDc.png,S,7,0,4
889,Computer,boulder,Red,https://imgur.com/y81ZoDc.png,M,9,0,4
890,Computer,boulder,Red,https://imgur.com/y81ZoDc.png,L,6,0,4
891,Computer,boulder,Red,https://imgur.com/y81ZoDc.png,XL,5,0,4
892,Computer,boulder,Red,https://imgur.com/y81ZoDc.png,XXL,6,0,4
893,Computer,boulder,Red,https://imgur.com/y81ZoDc.png,2XL,9,0,4
894,Computer,boulder,Gold,https://imgur.com/L7cseNz.png,S,5,0,4
895,Computer,boulder,Gold,https://imgur.com/L7cseNz.png,M,1,0,4
896,Computer,boulder,Gold,https://imgur.com/L7cseNz.png,L,13,0,4
897,Computer,boulder,Gold,https://imgur.com/L7cseNz.png,XL,9,0,4
898,Computer,boulder,Gold,https://imgur.com/L7cseNz.png,XXL,8,0,4
899,Computer,boulder,Gold,https://imgur.com/L7cseNz.png,2XL,0,0,4
900,Computer,longmont,White,https://imgur.com/xvJ98fe.png,S,7,1,4
901,Computer,longmont,White,https://imgur.com/xvJ98fe.png,M,3,1,4
902,Computer,longmont,White,https://imgur.com/xvJ98fe.png,L,8,1,4
903,Computer,longmont,White,https://imgur.com/xvJ98fe.png,XL,12,1,4
904,Computer,longmont,White,https://imgur.com/xvJ98fe.png,XXL,5,1,4
905,Computer,longmont,White,https://imgur.com/xvJ98fe.png,2XL,8,1,4
906,Computer,longmont,Blue,https://imgur.com/zReIoca.png,S,10,1,4
907,Computer,longmont,Blue,https://imgur.com/zReIoca.png,M,4,1,4
908,Computer,longmont,Blue,https://imgur.com/zReIoca.png,L,11,1,4
909,Computer,longmont,Blue,https://imgur.com/zReIoca.png,XL,4,1,4
910,Computer,longmont,Blue,https://imgur.com/zReIoca.png,XXL,4,1,4
911,Computer,longmont,Blue,https://imgur.com/zReIoca.png,2XL,5,1,4
912,Computer,longmont,Green,https://imgur.com/SRGlFjx.png,S,10,1,4
913,Computer,longmont,Green,https://imgur.com/SRGlFjx.png,M,6,1,4
914,Computer,longmont,Green,https://imgur.com/SRGlFjx.png,L,1,1,4
915,Computer,longmont,Green,https://imgur.com/SRGlFjx.png,XL,6,1,4
916,Computer,longmont,Green,https://imgur.com/SRGlFjx.png,XXL,9,1,4
917,Computer,longmont,Green,https://imgur.com/SRGlFjx.png,2XL,1,1,4
918,Computer,longmont,Peach,https://imgur.com/6dpqKHe.png,S,2,1,4
919,Computer,longmont,Peach,https://imgur.com/6dpqKHe.png,M,7,1,4
920,Computer,longmont,Peach,https://imgur.com/6dpqKHe.png,L,4,1,4
921,Computer,longmont,Peach,https://imgur.com/6dpqKHe.png,XL,10,1,4
922,Computer,longmont,Peach,https://imgur.com/6dpqKHe.png,XXL,6,1,4
923,Computer,longmont,Peach,https://imgur.com/6dpqKHe.png,2XL,11,1,4
924,Computer,longmont,Red,https://imgur.com/y81ZoDc.png,S,0,1,4
925,Computer,longmont,Red,https://imgur.com/y81ZoDc.png,M,2,1,4
926,Computer,longmont,Red,https://imgur.com/y81ZoDc.png,L,5,1,4
927,Computer,longmont,Red,https://imgur.com/y81ZoDc.png,XL,5,1,4
928,Computer,longmont,Red,https://imgur.com/y81ZoDc.png,XXL,5,1,4
929,Computer,longmont,Red,https://imgur.com/y81ZoDc.png,2XL,10,1,4
930,Computer,longmont,Gold,https://imgur.com/L7cseNz.png,S,6,1,4
931,Computer,longmont,Gold,https://imgur.com/L7cseNz.png,M,3,1,4
932,Computer,longmont,Gold,https://imgur.com/L7cseNz.png,L,13,1,4
933,Computer,longmont,Gold,https://imgur.com/L7cseNz.png,XL,10,1,4
934,Computer,longmont,Gold,https://imgur.com/L7cseNz.png,XXL,10,1,4
935,Computer,longmont,Gold,https://imgur.com/L7cseNz.png,2XL,11,1,4
936,Computer,superior,White,https://imgur.com/xvJ98fe.png,S,6,2,4
937,Computer,superior,White,https://imgur.com/xvJ98fe.png,M,2,2,4
938,Computer,superior,White,https://imgur.com/xvJ98fe.png,L,8,2,4
939,Computer,superior,White,https://imgur.com/xvJ98fe.png,XL,14,2,4
940,Computer,superior,White,https://imgur.com/xvJ98fe.png,XXL,4,2,4
941,Computer,superior,White,https://imgur.com/xvJ98fe.png,2XL,14,2,4
942,Computer,superior,Blue,https://imgur.com/zReIoca.png,S,12,2,4
943,Computer,superior,Blue,https://imgur.com/zReIoca.png,M,10,2,4
944,Computer,superior,Blue,https://imgur.com/zReIoca.png,L,6,2,4
945,Computer,superior,Blue,https://imgur.com/zReIoca.png,XL,10,2,4
946,Computer,superior,Blue,https://imgur.com/zReIoca.png,XXL,9,2,4
947,Computer,superior,Blue,https://imgur.com/zReIoca.png,2XL,1,2,4
948,Computer,superior,Green,https://imgur.com/SRGlFjx.png,S,7,2,4
949,Computer,superior,Green,https://imgur.com/SRGlFjx.png,M,9,2,4
950,Computer,superior,Green,https://imgur.com/SRGlFjx.png,L,6,2,4
951,Computer,superior,Green,https://imgur.com/SRGlFjx.png,XL,3,2,4
952,Computer,superior,Green,https://imgur.com/SRGlFjx.png,XXL,8,2,4
953,Computer,superior,Green,https://imgur.com/SRGlFjx.png,2XL,1,2,4
954,Computer,superior,Peach,https://imgur.com/6dpqKHe.png,S,12,2,4
955,Computer,superior,Peach,https://imgur.com/6dpqKHe.png,M,1,2,4
956,Computer,superior,Peach,https://imgur.com/6dpqKHe.png,L,0,2,4
957,Computer,superior,Peach,https://imgur.com/6dpqKHe.png,XL,12,2,4
958,Computer,superior,Peach,https://imgur.com/6dpqKHe.png,XXL,9,2,4
959,Computer,superior,Peach,https://imgur.com/6dpqKHe.png,2XL,5,2,4
960,Computer,superior,Red,https://imgur.com/y81ZoDc.png,S,4,2,4
961,Computer,superior,Red,https://imgur.com/y81ZoDc.png,M,3,2,4
962,Computer,superior,Red,https://imgur.com/y81ZoDc.png,L,3,2,4
963,Computer,superior,Red,https://imgur.com/y81ZoDc.png,XL,14,2,4
964,Computer,superior,Red,https://imgur.com/y81ZoDc.png,XXL,3,2,4
965,Computer,superior,Red,https://imgur.com/y81ZoDc.png,2XL,4,2,4
966,Computer,superior,Gold,https://imgur.com/L7cseNz.png,S,4,2,4
967,Computer,superior,Gold,https://imgur.com/L7cseNz.png,M,2,2,4
968,Computer,superior,Gold,https://imgur.com/L7cseNz.png,L,13,2,4
969,Computer,superior,Gold,https://imgur.com/L7cseNz.png,XL,5,2,4
970,Computer,superior,Gold,https://imgur.com/L7cseNz.png,XXL,10,2,4
971,Computer,superior,Gold,https://imgur.com/L7cseNz.png,2XL,4,2,4
972,Computer,westminister,White,https://imgur.com/xvJ98fe.png,S,4,3,4
973,Computer,westminister,White,https://imgur.com/xvJ98fe.png,M,0,3,4
974,Computer,westminister,White,https://imgur.com/xvJ98fe.png,L,9,3,4
975,Computer,westminister,White,https://imgur.com/xvJ98fe.png,XL,8,3,4
976,Computer,westminister,White,https://imgur.com/xvJ98fe.png,XXL,2,3,4
977,Computer,westminister,White,https://imgur.com/xvJ98fe.png,2XL,11,3,4
978,Computer,westminister,Blue,https://imgur.com/zReIoca.png,S,14,3,4
979,Computer,westminister,Blue,https://imgur.com/zReIoca.png,M,8,3,4
980,Computer,westminister,Blue,https://imgur.com/zReIoca.png,L,11,3,4
981,Computer,westminister,Blue,https://imgur.com/zReIoca.png,XL,1,3,4
982,Computer,westminister,Blue,https://imgur.com/zReIoca.png,XXL,11,3,4
983,Computer,westminister,Blue,https://imgur.com/zReIoca.png,2XL,3,3,4
984,Computer,westminister,Green,https://imgur.com/SRGlFjx.png,S,0,3,4
985,Computer,westminister,Green,https://imgur.com/SRGlFjx.png,M,11,3,4
986,Computer,westminister,Green,https://imgur.com/SRGlFjx.png,L,11,3,4
987,Computer,westminister,Green,https://imgur.com/SRGlFjx.png,XL,3,3,4
988,Computer,westminister,Green,https://imgur.com/SRGlFjx.png,XXL,0,3,4
989,Computer,westminister,Green,https://imgur.com/SRGlFjx.png,2XL,12,3,4
990,Computer,westminister,Peach,https://imgur.com/6dpqKHe.png,S,13,3,4
991,Computer,westminister,Peach,https://imgur.com/6dpqKHe.png,M,0,3,4
992,Computer,westminister,Peach,https://imgur.com/6dpqKHe.png,L,13,3,4
993,Computer,westminister,Peach,https://imgur.com/6dpqKHe.png,XL,8,3,4
994,Computer,westminister,Peach,https://imgur.com/6dpqKHe.png,XXL,14,3,4
995,Computer,westminister,Peach,https://imgur.com/6dpqKHe.png,2XL,7,3,4
996,Computer,westminister,Red,https://imgur.com/y81ZoDc.png,S,6,3,4
997,Computer,westminister,Red,https://imgur.com/y81ZoDc.png,M,8,3,4
998,Computer,westminister,Red,https://imgur.com/y81ZoDc.png,L,7,3,4
999,Computer,westminister,Red,https://imgur.com/y81ZoDc.png,XL,1,3,4